M,MGF,MAF,MIEF,Random,subgradient_method
4,30.55299662064489,25.805423638051472,24.66854385189105,952.0228985458048,harmonic
