M,profile,method,titer,mc_trials,seed,mean_objective,std_objective,training_runtime_s,final_lambda_max,final_mu_max,tail_stability_lambda,tail_stability_mu,avg_compute_violation,avg_channel_violation
6,uniform_wide,harmonic,2,1,0,84.26895379519317,0.0,0.006593400030396879,5.3999999999999995,35.1,nan,nan,6.004166666666666,37.845
6,uniform_wide,sqrt,2,1,0,81.9752250917162,0.0,0.005439799977466464,5.027207793864214,33.23603896932107,nan,nan,6.004166666666666,37.845
6,uniform_wide,normalized,2,1,0,82.7194460979882,0.0,0.00503279990516603,0.09927173358881257,0.6239937539868219,nan,nan,6.93,43.56
6,uniform_wide,adagrad,2,1,0,77.94069850968123,0.0,0.005071299965493381,1.5363961009250358,1.5363961025482935,nan,nan,5.475,34.83
6,uniform_wide,adam,2,1,0,82.0450910935509,0.0,0.004995299968868494,1.799999997142851,1.7999999993071947,nan,nan,5.475,34.83
