Number of Tasks,Random,MAF,MGF,MEF
3,1287.8418646468167,146.11609073636194,53.39094898176952,76.06101070447622
6,2888.713998854423,1312.1602417789484,69.14970293735246,99.96214444857841
9,3792.569489632721,3241.5669488367175,96.93277543160984,127.34266837727421
12,4356.2234419384895,4037.242476284003,120.80414539792028,153.00034795695655
15,4637.8786573003645,4650.823282365119,153.00813315244588,199.07481949322684
