Number of Tasks,Random,MAF,MGF,MEF
3,2859.9793492036174,275.0291039237752,129.58798601694258,175.13760125326627
6,5406.371831711367,2715.6427857455556,150.2127737217098,219.23498274244974
9,7510.455906821337,6562.790797624769,249.63501971952564,356.72619402691606
12,8702.384693971948,8102.691683612071,742.6502333562908,844.4559740161046
15,9405.945000238387,9312.32029164197,1506.4059453611026,1702.4857632439544
