Number of Tasks,Random,MAF,MGF,MEF
3,1709.7893441275337,115.71224105724176,40.811754779189776,48.325311669460675
6,3326.6121710714388,1606.006851340846,78.23000334285334,103.95181953974236
9,4123.4412680194455,3245.1515739876822,108.48005843088364,136.13621312177347
12,4744.532413273713,4199.152600401052,158.55573440517702,219.1194235813939
15,5097.447265846562,4658.516297898024,221.54553830112428,329.40457651713507
