Epoch,Loss
1,94.47665445268107
2,70.50866988835325
3,58.999577275447415
4,51.56307417424841
5,46.32591300198026
6,42.72520166299559
7,40.37132320641661
8,38.94084688989696
9,38.1277868987189
10,37.678231106474065
11,37.42150082336048
12,37.259853945593456
13,37.1453928907155
14,37.05734020139772
15,36.98648597583693
16,36.92828811092528
17,36.88008544706532
18,36.83988672790341
19,36.8059712803855
20,36.77691633508787
21,36.75164397932821
22,36.72937528442574
23,36.70954956531899
24,36.69175323391949
25,36.675668754481265
26,36.66104348697192
27,36.64767155637723
28,36.63538061009538
29,36.62402417524962
30,36.61347494018193
31,36.603620529340965
32,36.59435993682758
33,36.58560261716825
34,36.57726861359049
35,36.569290234575455
36,36.5616165431641
37,36.55421526945679
38,36.54707567520866
39,36.540205960407086
40,36.53362858487563
41,36.52736951042233
42,36.5214512500419
43,36.515884629046944
44,36.510666445869944
45,36.50578265900873
46,36.50121063084872
47,36.496921779573746
48,36.49288524664573
49,36.489069107112826
50,36.485444031107335
