Epoch,Loss
1,0.026332613322927495
2,0.025732721120349317
3,0.025688444331085275
4,0.02566729073784809
5,0.02564943536227491
6,0.025633038550540294
7,0.02561920832381171
8,0.0256085307228618
9,0.02560075079892392
10,0.025594988992883455
11,0.025590447259025848
12,0.025586612297551995
13,0.025583310630413386
14,0.025580414746688394
15,0.025577865195645814
16,0.025575625761035788
17,0.025573685687016245
18,0.02557192746640059
19,0.0255703100592361
20,0.025568845261251458
21,0.025567509395625482
22,0.025566273281510305
23,0.02556516178176693
24,0.02556416489977398
25,0.025563266143498967
26,0.025562434398474023
27,0.025561654945906124
28,0.02556092128909076
29,0.025560223577559774
30,0.025559556368075873
31,0.025558913295860453
32,0.02555828972733918
33,0.025557683265211267
34,0.025557092859242982
35,0.025556517718525545
36,0.025555957187956255
37,0.025555411037311467
38,0.02555487856686648
39,0.02555435997774365
40,0.025553855299044272
41,0.025553364797853657
42,0.02555288795034832
43,0.025552423730868967
44,0.025551970580879078
45,0.025551526311313865
46,0.025551089384331076
47,0.025550657931626974
48,0.025550230400485305
49,0.02554980524595015
50,0.025549380836408384
51,0.025548955028710622
52,0.025548525973307302
53,0.025548091312346075
54,0.025547648487498947
55,0.02554719470762749
56,0.025546727361374665
57,0.025546243504335167
58,0.0255457399250184
59,0.02554521350570462
60,0.025544660635892016
61,0.025544077789795894
62,0.025543461526348694
63,0.02554280868320868
64,0.02554211568091543
65,0.025541380221112592
66,0.02554060003325174
67,0.025539773337626435
68,0.025538899162899815
69,0.025537976844268753
70,0.02553700639337376
71,0.02553598830105685
72,0.025534923825141054
73,0.025533814950335326
74,0.025532664099808276
75,0.02553147568531763
76,0.02553025478859782
77,0.02552900835645353
78,0.02552774486900483
79,0.025526473773828492
80,0.025525204850902844
81,0.02552394719212205
82,0.025522708167229746
83,0.025521493154793663
84,0.02552030517164902
85,0.025519144379469724
86,0.025518009511378996
87,0.02551689790169736
88,0.025515805955443695
89,0.0255147299696387
90,0.02551366633830742
91,0.02551261134618335
92,0.02551156199259866
93,0.025510515177941097
94,0.02550946816151449
95,0.0255084186889378
96,0.025507364413999204
97,0.025506303041575838
98,0.02550523215367266
99,0.025504149069089502
100,0.025503050722488978
