Epoch,Loss
1,0.02432529127886343
2,0.023666266425425544
3,0.023637738857862446
4,0.023623026332438127
5,0.023611053688731093
6,0.02359978282132153
7,0.023589187456566605
8,0.023579306754171282
9,0.02357035790358804
10,0.02356216973194997
11,0.023554759492334106
12,0.023548060789289185
13,0.023542124770941423
14,0.023536825375955375
15,0.023532156711810085
16,0.023528058614970534
17,0.023524463701452385
18,0.023521322386023762
19,0.023518540559819688
20,0.023516060163362523
21,0.02351384614127733
22,0.023511832933547402
23,0.023509974879420407
24,0.023508257649195587
25,0.02350667609682822
26,0.023505216387367554
27,0.023503858817837647
28,0.02350258844614359
29,0.023501396393859484
30,0.02350027757037839
31,0.023499228650722397
32,0.023498247102480545
33,0.023497327954623913
34,0.02349646429966882
35,0.023495649706509764
36,0.023494878378674984
37,0.023494145333532293
38,0.02349344579666353
39,0.023492776072108843
40,0.023492134303669344
41,0.023491519238193218
42,0.0234909303947899
43,0.023490366388159364
44,0.023489825429466073
45,0.02348930541755347
46,0.023488805145682773
47,0.023488323101562743
48,0.023487858233809326
49,0.023487409517145792
50,0.023486976069724566
51,0.023486556789880805
52,0.023486150610759444
53,0.023485756645678216
54,0.02348537345035387
55,0.023484999816436054
56,0.023484634835325244
57,0.02348427768931409
58,0.02348392753168711
59,0.023483583746504715
60,0.023483245564406462
61,0.02348291271819512
62,0.023482584492981094
63,0.023482260563873175
64,0.02348194045223699
65,0.023481623652041587
66,0.02348130983001562
67,0.023480998406318527
68,0.023480689074108604
69,0.023480380916406196
70,0.023480073629592733
71,0.023479766646397837
72,0.02347945896442899
73,0.02347914984526777
74,0.023478838158563504
75,0.023478522939956566
76,0.023478202808659306
77,0.023477876329090916
78,0.02347754171499436
79,0.023477197001873673
80,0.023476840198480932
81,0.023476468494893935
82,0.023476079117934128
83,0.023475668689764317
84,0.023475233391301198
85,0.02347476952142793
86,0.02347427289169085
87,0.023473738804382218
88,0.02347316314099022
89,0.02347254154352472
90,0.023471870248984828
91,0.02347114606583009
92,0.023470366687913073
93,0.023469531425484573
94,0.023468640645981084
95,0.023467696300039118
96,0.023466701467356625
97,0.023465660275147848
98,0.023464577034667592
99,0.02346345590374981
100,0.02346230075627096
