{
    "aoi_values": [
        0,
        1,
        2,
        3,
        4,
        5,
        6,
        7,
        8,
        9,
        10,
        11,
        12,
        13,
        14,
        15,
        16,
        17,
        18,
        19,
        20,
        21,
        22,
        23,
        24,
        25,
        26,
        27,
        28,
        29,
        30,
        31,
        32,
        33,
        34,
        35,
        36,
        37,
        38,
        39,
        40
    ],
    "errors": [
        0.0,
        0.28080984895666455,
        0.45141581647043777,
        0.5912855274010398,
        0.7071652452482371,
        0.8024959452367532,
        0.8812808293728507,
        0.9380920553460277,
        0.9562801472840909,
        0.9627424589946532,
        0.9667169803212812,
        0.9684570793308699,
        0.9696157307764557,
        0.9700960031546876,
        0.9710091551904328,
        0.971229138593616,
        0.9721185730528595,
        0.9727321688953948,
        0.9728300649446595,
        0.9726478552578284,
        0.972446007710777,
        0.972457652525389,
        0.9725509237559132,
        0.9725825922171198,
        0.9730903992853068,
        0.9740434002190513,
        0.9738401159810355,
        0.9746397294815292,
        0.9748582306553585,
        0.9759971736025059,
        0.9761498334991467,
        0.9769503152430852,
        0.976498044999545,
        0.9769856522562926,
        0.9762527652752814,
        0.9761202668987098,
        0.9761704990858988,
        0.9767511164924261,
        0.975914984647517,
        0.9770133223973113,
        0.976776326961957
    ]
}