{
    "aoi_values": [
        0,
        1,
        2,
        3,
        4,
        5,
        6,
        7,
        8,
        9,
        10,
        11,
        12,
        13,
        14,
        15,
        16,
        17,
        18,
        19,
        20,
        21,
        22,
        23,
        24,
        25,
        26,
        27,
        28,
        29,
        30,
        31,
        32,
        33,
        34,
        35,
        36,
        37,
        38,
        39,
        40
    ],
    "errors": [
        0.0,
        0.24077775981751948,
        0.4083273906412778,
        0.5372214503583304,
        0.6384373373657632,
        0.7192210848058206,
        0.7854385720373837,
        0.8382724651373041,
        0.8764612783211994,
        0.9036600431899607,
        0.9246084129304012,
        0.9408666065943307,
        0.9540938342320527,
        0.9647290655389787,
        0.9732351388629639,
        0.9799535819175008,
        0.984984664063212,
        0.9886881813066825,
        0.9909905950213765,
        0.992462891080597,
        0.9935867055141064,
        0.9943294054287496,
        0.9948821098174352,
        0.9952144652322567,
        0.9954871255270724,
        0.995598754157275,
        0.9956675787238939,
        0.9957006057511429,
        0.9956961900599313,
        0.995654165290661,
        0.9955969804422626,
        0.9954729048681937,
        0.9953777318174982,
        0.9952210965132197,
        0.9950409417498335,
        0.9948366666792597,
        0.9945861806670561,
        0.9942650538528512,
        0.9937409475308078,
        0.9930788466381457,
        0.992216843700199
    ]
}