{
    "aoi_values": [
        0,
        1,
        2,
        3,
        4,
        5,
        6,
        7,
        8,
        9,
        10,
        11,
        12,
        13,
        14,
        15,
        16,
        17,
        18,
        19,
        20,
        21,
        22,
        23,
        24,
        25,
        26,
        27,
        28,
        29,
        30,
        31,
        32,
        33,
        34,
        35,
        36,
        37,
        38,
        39,
        40
    ],
    "errors": [
        0.0,
        0.17454929506027697,
        0.3086310769991564,
        0.4202028847438262,
        0.5149042410592881,
        0.5959855300566389,
        0.6661992903090461,
        0.7274502854971462,
        0.7809591967556689,
        0.8279276166714076,
        0.868800929065144,
        0.9025263700507861,
        0.9295378481982237,
        0.9502823835577645,
        0.9655202507658679,
        0.976341401456215,
        0.983892031143882,
        0.988733200438973,
        0.9920213474355088,
        0.9944541329179869,
        0.9962648051853898,
        0.9975371021070025,
        0.998441936803642,
        0.9990650011941397,
        0.9994601395863942,
        0.9996904084740391,
        0.9998195622721038,
        0.9999155701227217,
        0.9999378834403125,
        0.9999479586969634,
        0.9999385695486999,
        0.9999414283377396,
        0.9999363670921587,
        0.999938541424361,
        0.9999394836259137,
        0.9999437506035652,
        0.99994617948335,
        0.9999564199736625,
        0.9999693547387285,
        0.9999869672985083,
        1.0
    ]
}