Epoch,Loss
1,0.02650310882098087
2,0.02601785688771733
3,0.02598353406124183
4,0.02596452748600969
5,0.025948779832775604
6,0.025933391744716944
7,0.02591863315540787
8,0.025905212628956703
9,0.0258938527243058
10,0.0258847481239056
11,0.02587729101723372
12,0.0258710702381958
13,0.025865766198694726
14,0.02586113845260146
15,0.0258570363730161
16,0.025853386099468793
17,0.025850101498417547
18,0.025847176263227658
19,0.025844553743906866
20,0.025842124787112196
21,0.025839857705802233
22,0.02583773576473683
23,0.025835742732479457
24,0.02583387211996136
25,0.025832121863924862
26,0.02583048560190134
27,0.02582895437060083
28,0.025827521440738917
29,0.025826184172540352
30,0.025824939782100508
31,0.025823784747987768
32,0.025822713900371767
33,0.02582172099754095
34,0.02582079987634076
35,0.025819944109379434
36,0.02581915227548924
37,0.02581841724351147
38,0.025817730714319972
39,0.025817085892408723
40,0.025816477640408928
41,0.025815901853879098
42,0.025815355454163504
43,0.02581483431409755
44,0.02581433538424092
45,0.025813855346371463
46,0.025813392380044077
47,0.025812944149323853
48,0.02581250950701875
49,0.0258120868767947
50,0.025811675134182765
51,0.025811273262486428
52,0.025810879958698085
53,0.025810494326229044
54,0.025810115474333702
55,0.025809742414881726
56,0.02580937424284442
57,0.025809010131750094
58,0.025808648631215594
59,0.025808289062794015
60,0.02580793028643485
61,0.02580757098614588
62,0.02580720935576508
63,0.025806844261734276
64,0.0258064734473248
65,0.025806094933029832
66,0.02580570641927143
67,0.025805305148114223
68,0.025804888611576954
69,0.02580445389071484
70,0.025803997664059566
71,0.025803516892558526
72,0.025803008185924865
73,0.025802468442779752
74,0.025801895051264897
75,0.025801285953316468
76,0.02580064030168737
77,0.0257999584034641
78,0.025799241722014442
79,0.02579849296463371
80,0.025797714959374284
81,0.025796910749184165
82,0.025796082201253127
83,0.025795229974551123
84,0.025794353600333025
85,0.02579345198918839
86,0.025792524584725827
87,0.0257915733261998
88,0.02579060341005917
89,0.025789624757210357
90,0.02578865032826163
91,0.025787695021128022
92,0.025786772938415994
93,0.025785895107322432
94,0.025785068264273285
95,0.02578429508540077
96,0.02578357462217767
97,0.02578290424586568
98,0.025782278673018924
99,0.025781692249480338
100,0.025781138535522757
