{
    "aoi_values": [
        0,
        1,
        2,
        3,
        4,
        5,
        6,
        7,
        8,
        9,
        10,
        11,
        12,
        13,
        14,
        15,
        16,
        17,
        18,
        19,
        20,
        21,
        22,
        23,
        24,
        25,
        26,
        27,
        28,
        29,
        30,
        31,
        32,
        33,
        34,
        35,
        36,
        37,
        38,
        39,
        40
    ],
    "errors": [
        0.0,
        0.15789010581475385,
        0.2740289176122046,
        0.3736852764214906,
        0.4593183017096124,
        0.5335389034776401,
        0.5977102619688325,
        0.6534827369871459,
        0.702459382180595,
        0.7455284712312558,
        0.7836207806134258,
        0.8168557751662818,
        0.8460529718830615,
        0.8699427175579444,
        0.8876023191173869,
        0.9005530419233674,
        0.9093970781011516,
        0.9163600606520107,
        0.9222191713354343,
        0.9274759554069544,
        0.9318465024067629,
        0.9353892999961978,
        0.9381570835211309,
        0.9406857686366277,
        0.9430355961663641,
        0.9442710002204131,
        0.9458543125741378,
        0.9471796895385597,
        0.9480148328725164,
        0.9492353267595663,
        0.950410009076159,
        0.9513044505466701,
        0.9521923525591015,
        0.953086514292456,
        0.9539027525368786,
        0.954416886259681,
        0.9550025953986365,
        0.9556331212334306,
        0.9561055103519165,
        0.956458205126411,
        0.9572597329297265
    ]
}