Epoch,Loss
0,0.07321508973836899
1,0.02467646263539791
2,0.024782152846455574
3,0.02483385056257248
4,0.024844210594892502
5,0.024832969531416893
6,0.024808892980217934
7,0.024776693433523178
8,0.02474111318588257
9,0.024706032127141953
10,0.0246721301227808
11,0.024640323594212532
12,0.02461107447743416
13,0.024584557861089706
14,0.024560894817113876
15,0.024539802223443985
16,0.024521397426724434
17,0.0245057400316
18,0.024492403492331505
19,0.0244809128344059
20,0.024470871314406395
21,0.024462036788463593
22,0.024454006925225258
23,0.02444668672978878
24,0.024440018460154533
25,0.02443389594554901
26,0.024428218603134155
27,0.02442294918000698
28,0.024418063461780548
29,0.024413540959358215
30,0.02440936677157879
31,0.02440551482141018
32,0.024401957169175148
33,0.024398667737841606
34,0.024395612999796867
35,0.02439277246594429
36,0.024390114471316338
37,0.024387622252106667
38,0.024385275319218636
39,0.024383045732975006
40,0.024380933493375778
41,0.024378914386034012
42,0.02437698468565941
43,0.02437513880431652
44,0.02437337301671505
45,0.024371668696403503
46,0.024370035156607628
47,0.02436845935881138
48,0.024366943165659904
49,0.02436547726392746
50,0.024364061653614044
51,0.02436269074678421
52,0.024361364543437958
53,0.024360086768865585
54,0.024358857423067093
55,0.024357685819268227
56,0.024356579408049583
57,0.02435554563999176
58,0.024354591965675354
59,0.024353720247745514
60,0.024352923035621643
61,0.02435220405459404
62,0.02435154654085636
63,0.02435094676911831
64,0.024350391700863838
65,0.024349873885512352
66,0.02434937283396721
67,0.024348881095647812
68,0.024348387494683266
69,0.024347882717847824
70,0.024347353726625443
71,0.02434680052101612
72,0.02434621937572956
73,0.024345610290765762
74,0.024344976991415024
75,0.024344326928257942
76,0.024343661963939667
77,0.024342987686395645
78,0.024342313408851624
79,0.024341648444533348
80,0.02434098906815052
81,0.02434033900499344
82,0.02433970756828785
83,0.024339085444808006
84,0.024338481947779655
85,0.0243378896266222
86,0.024337315931916237
87,0.024336757138371468
88,0.024336213245987892
89,0.02433568425476551
90,0.024335172027349472
91,0.02433466911315918
92,0.024334188550710678
93,0.024333719164133072
94,0.024333259090781212
95,0.024332812055945396
96,0.024332374334335327
97,0.024331949651241302
98,0.024331526830792427
99,0.024331113323569298
100,0.024330701678991318
