Epoch,Loss
1,0.02641096738808656
2,0.02586623051396592
3,0.025827828309063744
4,0.025810600043589003
5,0.025795902601640244
6,0.025780579605227696
7,0.025764970121817467
8,0.02575018684634401
9,0.02573730217773055
10,0.025726670500648016
11,0.02571806291792676
12,0.025711140240039614
13,0.025705484874765396
14,0.02570075784658849
15,0.025696754714258127
16,0.02569332725097931
17,0.025690387724967557
18,0.025687807248819503
19,0.025685491841030642
20,0.025683406786402265
21,0.02568153694547893
22,0.025679872047001333
23,0.02567838839234714
24,0.025677048885641502
25,0.025675822769118645
26,0.025674692249709412
27,0.025673647844856685
28,0.025672677360434916
29,0.025671767355158973
30,0.02567090793237072
31,0.02567009191798859
32,0.025669313184353615
33,0.02566856646794724
34,0.025667847386551135
35,0.025667152557422985
36,0.025666478965622477
37,0.025665824231444784
38,0.025665186185635173
39,0.025664562590299804
40,0.02566395167150633
41,0.02566335112110296
42,0.025662758493659683
43,0.025662171430840465
44,0.025661586478349957
45,0.025661000374859362
46,0.025660409303451648
47,0.02565980865429862
48,0.025659193419011992
49,0.025658557894394415
50,0.025657895807414476
51,0.025657200396149007
52,0.02565646482064644
53,0.02565568340717244
54,0.025654852186962146
55,0.025653971759636424
56,0.025653048970650925
57,0.02565209678567359
58,0.02565113425626509
59,0.025650183145230737
60,0.025649262205939615
61,0.02564838465951369
62,0.02564755650572304
63,0.025646776813083208
64,0.025646040893737572
65,0.0256453415237441
66,0.025644671131756207
67,0.025644022383750284
68,0.02564338872533932
69,0.025642764715579164
70,0.02564214543155664
71,0.025641527145715066
72,0.025640906425775413
73,0.02564028069971386
74,0.025639648021028992
75,0.025639007246167415
76,0.025638357885266083
77,0.02563770016463978
78,0.025637034982424724
79,0.025636363630460672
80,0.025635687645033257
81,0.025635008439071984
82,0.0256343271036796
83,0.025633643792646564
84,0.025632958422440375
85,0.025632270160326227
86,0.0256315768865861
87,0.025630876492510127
88,0.02563016576727753
89,0.0256294412128841
90,0.02562869916523195
91,0.025627935678543847
92,0.025627146965042
93,0.02562632954744345
94,0.025625480635503822
95,0.02562459868549078
96,0.025623684027325313
97,0.025622739811607096
98,0.025621771461796745
99,0.0256207865706096
100,0.025619793489352633
