Epoch,Loss
1,0.02601288317439976
2,0.02545288245013308
3,0.02542153302899632
4,0.025407332803253784
5,0.02539518622398976
6,0.025383105071045232
7,0.025371397851827644
8,0.025360624939035268
9,0.025351326819275044
10,0.025343627011555767
11,0.025337277982274448
12,0.02533192011152878
13,0.025327243764406066
14,0.025323075362602407
15,0.025319333091880905
16,0.025315998119996123
17,0.025313033026050025
18,0.025310347003547434
19,0.025307882152993354
20,0.02530559040971088
21,0.025303479009117714
22,0.025301520636510522
23,0.025299737732797697
24,0.025298092723947254
25,0.02529658638144416
26,0.02529517022579296
27,0.025293847559388703
28,0.025292599441435318
29,0.0252914144036859
30,0.02529028651526894
31,0.025289206743219682
32,0.025288170324878362
33,0.02528717239808048
34,0.02528620731043863
35,0.025285270893737104
36,0.025284360555683002
37,0.02528348335917603
38,0.025282624610464276
39,0.0252817971669845
40,0.025280989774360423
41,0.025280203553635954
42,0.02527943694374938
43,0.025278688267980836
44,0.02527795538568567
45,0.02527723601148503
46,0.025276527985996347
47,0.02527582889332154
48,0.025275136505587745
49,0.02527444810385965
50,0.025273761762655493
51,0.02527307550157205
52,0.025272387909450883
53,0.02527169775411289
54,0.025271004780334814
55,0.025270309236878567
56,0.02526961125490951
57,0.025268911901196234
58,0.025268212024113754
59,0.025267512493359536
60,0.02526681419866123
61,0.025266117720894033
62,0.025265424000184108
63,0.025264733231664168
64,0.025264045650527294
65,0.0252633616560848
66,0.025262681586911327
67,0.025262005301503354
68,0.02526133319529539
69,0.025260665486681006
70,0.025260002495496935
71,0.02525934449182753
72,0.02525869177677162
73,0.02525804469342679
74,0.02525740359845946
75,0.025256769402919727
76,0.02525614210939213
77,0.025255522522960653
78,0.025254910964754303
79,0.025254308174597444
80,0.025253714510448767
81,0.025253130837482794
82,0.025252557395415546
83,0.02525199461457281
84,0.025251442816729724
85,0.02525090243479662
86,0.025250373113399345
87,0.025249855170436233
88,0.025249348183981245
89,0.02524885187361187
90,0.025248365555717467
91,0.025247888824525375
92,0.02524742067852662
93,0.025246960209901786
94,0.02524650629825309
95,0.025246058102313007
96,0.025245614008682887
97,0.025245172840105093
98,0.02524473303422563
99,0.025244292904632627
100,0.025243850886387545
