Epoch,Loss
1,0.0255265071214707
2,0.024881502471882946
3,0.024845482279433503
4,0.024825632078632018
5,0.024807767210949978
6,0.024789896672214713
7,0.02477269549626131
8,0.024757320898152566
9,0.02474472577557821
10,0.02473491513497205
11,0.024727119169189987
12,0.02472073155810438
13,0.024715350093667817
14,0.024710669965081297
15,0.024706549739782903
16,0.02470292570791669
17,0.02469979233464576
18,0.02469708173969994
19,0.024694650270385022
20,0.024692411846381605
21,0.02469035392416824
22,0.0246884746561094
23,0.024686755883795437
24,0.024685172954978195
25,0.024683704830692564
26,0.024682336623334418
27,0.02468105472353806
28,0.024679844247895606
29,0.02467869092468145
30,0.02467758200443573
31,0.024676508075643915
32,0.024675461988886125
33,0.024674438113134786
34,0.02467343158688767
35,0.024672438361744216
36,0.02467145543061626
37,0.024670481436828033
38,0.024669516585995158
39,0.024668562718651837
40,0.024667623360605715
41,0.024666703156445823
42,0.024665807804016747
43,0.024664943175468315
44,0.02466411409130874
45,0.024663324264562397
46,0.02466257503479732
47,0.02466186672802887
48,0.024661197838453452
49,0.024660565716631437
50,0.02465996630673815
51,0.024659393568774276
52,0.02465883960251626
53,0.02465829561329644
54,0.024657751852610158
55,0.024657199346319908
56,0.024656628476327175
57,0.02465602990116231
58,0.024655395286129807
59,0.024654717656115023
60,0.024653992369434014
61,0.024653217150435044
62,0.024652392838042776
63,0.024651522884146508
64,0.02465061176645416
65,0.024649665559826086
66,0.024648689851713555
67,0.024647689355459343
68,0.024646666223733144
69,0.024645620438781646
70,0.024644549247227657
71,0.02464344756936461
72,0.024642310725742418
73,0.02464113579481161
74,0.024639922424411043
75,0.024638670451533038
76,0.024637381830978574
77,0.024636064495249955
78,0.02463472976773195
79,0.024633390135780982
80,0.024632055855000848
81,0.024630734816254263
82,0.024629431552123014
83,0.024628148506108317
84,0.02462688584024949
85,0.024625642520335445
86,0.024624416176783296
87,0.02462320386383451
88,0.02462200204825734
89,0.024620807341428824
90,0.02461961604355888
91,0.024618424942266508
92,0.02461723115280001
93,0.024616032503768006
94,0.024614827247921883
95,0.024613614440785466
96,0.024612393774419504
97,0.02461116506870858
98,0.024609928441470134
99,0.024608683758424562
100,0.024607431103173826
