Epoch,Loss
1,0.026599172243938284
2,0.026065640353235907
3,0.026034971971234108
4,0.02602119260502779
5,0.026010722413609796
6,0.026000383343588448
7,0.025989726088498706
8,0.025978913506382376
9,0.02596867434134285
10,0.02595962105238145
11,0.025951744931153712
12,0.025944984968652423
13,0.025939130922414566
14,0.02593394241748362
15,0.025929277624929074
16,0.02592506263247459
17,0.02592127806640514
18,0.025917918362461604
19,0.02591489880483117
20,0.02591210459126281
21,0.02590954308801052
22,0.025907241755711498
23,0.025905175934020763
24,0.025903299596824237
25,0.025901576608222225
26,0.025899988116676043
27,0.02589852076614752
28,0.02589715878950601
29,0.025895887516515503
30,0.025894695432052656
31,0.025893574162484792
32,0.025892516608808425
33,0.025891517334551674
34,0.02589057106086856
35,0.025889672032143415
36,0.025888814554383858
37,0.025887992845378894
38,0.025887202369654073
39,0.025886439411649094
40,0.02588570084608994
41,0.02588498345948399
42,0.02588428398644532
43,0.025883599507975783
44,0.025882927295785115
45,0.025882265852102935
46,0.02588161435442043
47,0.025880972495918468
48,0.025880340139728463
49,0.025879718472909662
50,0.025879108941987812
51,0.025878513557828307
52,0.025877933727388242
53,0.02587736989111201
54,0.02587682254652663
55,0.025876291853204
56,0.02587577756400227
57,0.025875278812303334
58,0.025874795303612703
59,0.02587432643077877
60,0.02587387153475662
61,0.025873430176399197
62,0.025873001916559446
63,0.025872585589584107
64,0.025872180435236335
65,0.025871785222347576
66,0.02587139861077335
67,0.025871018991172678
68,0.025870645395086843
69,0.025870276183984887
70,0.025869910811689826
71,0.02586954861688641
72,0.025869189232753872
73,0.025868832108574567
74,0.02586847692909669
75,0.02586812314911626
76,0.025867770800093583
77,0.02586741900697789
78,0.025867067379920755
79,0.02586671534809588
80,0.025866362478194203
81,0.025866008051817848
82,0.02586565143424689
83,0.02586529182081083
84,0.02586492854241044
85,0.02586456055080104
86,0.025864187055582806
87,0.025863806972510096
88,0.025863419455397777
89,0.025863023152101046
90,0.025862617169082135
91,0.025862200382526755
92,0.025861771599862002
93,0.02586132975922122
94,0.025860874048798586
95,0.025860403447593418
96,0.025859916863900413
97,0.025859413640620648
98,0.025858892562802237
99,0.025858352637985804
100,0.025857792586352835
