Epoch,Loss
1,94.35764283011942
2,69.65991293435279
3,57.322804486792805
4,49.42773458058446
5,43.79817046112668
6,39.85314348973205
7,37.23029766082764
8,35.605960164515615
9,34.661090603666736
10,34.12175152656529
11,33.799008126407344
12,33.59000574725722
13,33.44533004249256
14,33.34180679172793
15,33.26630159727842
16,33.20992493761452
17,33.166567883607016
18,33.13221813419698
19,33.10432299792148
20,33.0812289201677
21,33.06180577245138
22,33.0452441890347
23,33.030937748879296
24,33.01842436080985
25,33.0073469916017
26,32.99742859375105
27,32.9884528019849
28,32.980249250966374
29,32.972682733601765
30,32.96564606960257
31,32.95905346540431
32,32.952836197717794
33,32.946939359321725
34,32.94131876506607
35,32.93594108568343
36,32.93077925315778
37,32.925813594903914
38,32.921028684497294
39,32.91641380762147
40,32.911960452485665
41,32.90766153979054
42,32.9035120676958
43,32.899505963869984
44,32.89563866519598
45,32.89190408746264
46,32.88829658072712
47,32.88480955143701
48,32.88143761166239
49,32.878173126563894
50,32.87501060756433
