{
    "aoi_values": [
        0,
        1,
        2,
        3,
        4,
        5,
        6,
        7,
        8,
        9,
        10,
        11,
        12,
        13,
        14,
        15,
        16,
        17,
        18,
        19,
        20,
        21,
        22,
        23,
        24,
        25,
        26,
        27,
        28,
        29,
        30,
        31,
        32,
        33,
        34,
        35,
        36,
        37,
        38,
        39,
        40
    ],
    "errors": [
        0.0,
        0.3295231208973169,
        0.5343412711773367,
        0.6794653026578253,
        0.7848044290739098,
        0.8523959076496074,
        0.8953021375345008,
        0.9248520325834133,
        0.944918960061006,
        0.9589228178914494,
        0.9681799056326379,
        0.9739806119890821,
        0.9784048155402666,
        0.9811797257552713,
        0.9830127368222727,
        0.9839319471968788,
        0.9847995429100217,
        0.9850384769451805,
        0.9847834869192846,
        0.9841324112613962,
        0.9836086060450173,
        0.9820846876788368,
        0.9814244992293877,
        0.98098341328418,
        0.98049702913313,
        0.979949011885487,
        0.9792630980563745,
        0.9780320005992761,
        0.9771969023972693,
        0.9764435758171951,
        0.9760712248750497,
        0.9753239854740687,
        0.9745938587292902,
        0.9736636760373466,
        0.972989786899441,
        0.9720604687451124,
        0.9717203234683552,
        0.9706507360393181,
        0.9702523814152593,
        0.9693338237596237,
        0.9681017328900705
    ]
}