{
    "aoi_values": [
        0,
        1,
        2,
        3,
        4,
        5,
        6,
        7,
        8,
        9,
        10,
        11,
        12,
        13,
        14,
        15,
        16,
        17,
        18,
        19,
        20,
        21,
        22,
        23,
        24,
        25,
        26,
        27,
        28,
        29,
        30,
        31,
        32,
        33,
        34,
        35,
        36,
        37,
        38,
        39,
        40
    ],
    "errors": [
        0.0,
        0.09690520330974622,
        0.16437750519758787,
        0.22119500419496993,
        0.27036038386824723,
        0.31429392261536826,
        0.3531507262457529,
        0.38808348508910306,
        0.41999165227406704,
        0.44899477659310894,
        0.47618172243617446,
        0.5004841059293875,
        0.522365568271359,
        0.5415613289248398,
        0.5579544039786928,
        0.571938240243632,
        0.5851442587799642,
        0.5988877247664013,
        0.611402245421585,
        0.6243685516185891,
        0.637338219215237,
        0.65026530909089,
        0.6634384848909508,
        0.6765871803602926,
        0.6897948289722876,
        0.7031368466660742,
        0.7163528073931416,
        0.7295244411452578,
        0.74287386235569,
        0.7566780904932121,
        0.7702258892158041,
        0.7834555936336688,
        0.7966935414495193,
        0.8101326019526267,
        0.8233427561714471,
        0.8360760101849569,
        0.8490324363101838,
        0.861381458728461,
        0.8731845020916774,
        0.884853372855525,
        0.896050198857419
    ]
}