Epoch,Loss
1,0.026278937647292146
2,0.025711069050045228
3,0.025676600900427286
4,0.025661836702795055
5,0.025649806260467145
6,0.02563810753176105
7,0.025626792604073426
8,0.02561630424487167
9,0.025607161762406603
10,0.02559959719329878
11,0.025593388960608164
12,0.025588303452936785
13,0.02558395320578896
14,0.02558019805944574
15,0.025576884412592555
16,0.025573936822841897
17,0.02557132134024559
18,0.0255690305634146
19,0.02556700136079826
20,0.025565155991597838
21,0.025563457614566083
22,0.025561914007148613
23,0.02556050791087257
24,0.025559223820038297
25,0.02555803915377486
26,0.02555693692739931
27,0.02555590159896557
28,0.02555492009193122
29,0.025553981872828393
30,0.02555307797325775
31,0.02555219802350756
32,0.025551331662280442
33,0.025550469129581185
34,0.025549600315248302
35,0.0255487154088005
36,0.025547804651537092
37,0.02554685956373812
38,0.025545873307128545
39,0.025544842315967032
40,0.02554376822134237
41,0.025542660145053915
42,0.02554153539541335
43,0.02554041874102181
44,0.02553933730520306
45,0.02553831466948807
46,0.025537365081307994
47,0.025536492202845533
48,0.025535691379672303
49,0.02553495393724386
50,0.025534270193883147
51,0.02553363132035118
52,0.025533030296493578
53,0.025532461219969577
54,0.025531919564507774
55,0.02553140170028835
56,0.025530904520475507
57,0.02553042543603941
58,0.025529961978987374
59,0.025529512234084582
60,0.025529074535937595
61,0.025528647264460996
62,0.025528228938082466
63,0.025527818325718318
64,0.025527414165863765
65,0.025527015138113594
66,0.02552662054472427
67,0.02552622903875302
68,0.02552583975158033
69,0.025525451588693848
70,0.02552506391125046
71,0.02552467549334454
72,0.02552428566765365
73,0.025523893774622435
74,0.02552349940000613
75,0.025523102563222457
76,0.025522703413787887
77,0.02552230278860631
78,0.025521901639146194
79,0.02552150109228277
80,0.025521102145439786
81,0.025520705268526147
82,0.025520310512027942
83,0.025519917595035434
84,0.02551952549294006
85,0.025519133695702953
86,0.02551874068550537
87,0.02551834557884088
88,0.02551794733815578
89,0.02551754519644998
90,0.025517137968595078
91,0.025516725236462756
92,0.025516306165738148
93,0.025515880410138515
94,0.02551544760266888
95,0.025515007302546914
96,0.0255145596256317
97,0.025514104494899603
98,0.02551364207540127
99,0.0255131723749038
100,0.025512696043900926
