Epoch,Loss
1,0.0266052144297665
2,0.026077565694942025
3,0.02604751270484742
4,0.02603320785517504
5,0.02602299628358026
6,0.026013897585429165
7,0.02600556103449131
8,0.0259979245912027
9,0.02599114761801233
10,0.025985282265095763
11,0.02597998360284684
12,0.02597518661756149
13,0.02597072943085876
14,0.0259666025020291
15,0.025962828541214712
16,0.02595934117953024
17,0.025956129335079577
18,0.0259532281200848
19,0.025950597497396737
20,0.02594817398672064
21,0.025945950564575136
22,0.025943920528289338
23,0.025942055200645926
24,0.025940325487698004
25,0.02593870699164576
26,0.02593718175358277
27,0.025935738815400403
28,0.02593437221067165
29,0.025933078210865695
30,0.02593185351649526
31,0.025930695044539126
32,0.025929599640036757
33,0.02592856402099962
34,0.025927585112831827
35,0.025926660549961077
36,0.02592578881647679
37,0.025924968682281366
38,0.025924198633408536
39,0.02592347573654865
40,0.02592279601624403
41,0.025922155060864358
42,0.025921547648651823
43,0.025920969231874685
44,0.02592041609042746
45,0.025919884535313565
46,0.025919372414186254
47,0.02591887726296172
48,0.02591839757415472
49,0.02591793211961195
50,0.025917479295929066
51,0.025917038405748317
52,0.025916608368035565
53,0.02591618807518449
54,0.02591577706509837
55,0.025915374872439962
56,0.02591498057560823
57,0.025914593724172274
58,0.02591421401287606
59,0.025913841189607906
60,0.025913474772828026
61,0.025913114638748937
62,0.025912760353790403
63,0.025912411875825794
64,0.02591206918994876
65,0.02591173188915125
66,0.025911399900197734
67,0.025911073381225103
68,0.025910751943372154
69,0.02591043539220829
70,0.025910123636999228
71,0.02590981631480785
72,0.02590951319102123
73,0.025909213717993176
74,0.02590891747121688
75,0.025908623690468698
76,0.025908331505995745
77,0.02590803956132053
78,0.02590774629710964
79,0.02590744958434801
80,0.025907146837108652
81,0.02590683517263387
82,0.025906511435315024
83,0.025906173330871033
84,0.025905820169073265
85,0.025905452812545485
86,0.0259050744078229
87,0.025904688459193033
88,0.025904297398334587
89,0.025903901491617483
90,0.025903499083141112
91,0.0259030861326376
92,0.0259026569206068
93,0.025902204553835826
94,0.025901720756062136
95,0.025901196968450717
96,0.025900626448796454
97,0.025900006221014963
98,0.02589933958329732
99,0.02589863610227716
100,0.025897909235144418
