Epoch,Loss
1,88.60458171162648
2,68.02551952591989
3,57.38851175843293
4,50.34316761725185
5,45.43583537961991
6,42.098307966875375
7,39.94377209482993
8,38.64143158715695
9,37.89514423613542
10,37.47305464500227
11,37.222491237341536
12,37.056073303249164
13,36.931655399580265
14,36.83420460435776
15,36.75833163659813
16,36.69895272605304
17,36.65127013502838
18,36.61179255130536
19,36.578156715593174
20,36.54875203182823
21,36.5224543828734
22,36.498457068263896
23,36.47616562951826
24,36.45513866269508
25,36.43505969402876
26,36.41575619676201
27,36.39721772487283
28,36.3795664197396
29,36.36296006683593
30,36.34749437119784
31,36.33317511798566
32,36.319942189604745
33,36.307702866945704
34,36.29635818571561
35,36.28581102651835
36,36.27597308891897
37,36.26676622016036
38,36.25812014287724
39,36.24997300092847
40,36.24227057833503
41,36.23496430579088
42,36.22801038103632
43,36.221370261018215
44,36.215008708986325
45,36.208892799073965
46,36.20299134743966
47,36.19727637234798
48,36.19171839388208
49,36.186290088949754
50,36.180963014301504
