{
    "aoi_values": [
        0,
        1,
        2,
        3,
        4,
        5,
        6,
        7,
        8,
        9,
        10,
        11,
        12,
        13,
        14,
        15,
        16,
        17,
        18,
        19,
        20,
        21,
        22,
        23,
        24,
        25,
        26,
        27,
        28,
        29,
        30,
        31,
        32,
        33,
        34,
        35,
        36,
        37,
        38,
        39,
        40
    ],
    "errors": [
        0.0,
        0.08030578558682959,
        0.13527741300426493,
        0.1814879852566765,
        0.22129151280217108,
        0.2553495574465257,
        0.2851872711707489,
        0.31198696889061495,
        0.33552988183290644,
        0.35764950434280907,
        0.3764179558058562,
        0.39355464955203734,
        0.40781741421339956,
        0.4198969168018436,
        0.42933133716746424,
        0.4383098549626716,
        0.4466126011647005,
        0.45365899267757964,
        0.46109086567459845,
        0.46867493739453664,
        0.4764541643085926,
        0.4834466287734253,
        0.49061306122049625,
        0.4981383645396566,
        0.5053594741797883,
        0.5125619585606459,
        0.5199757058165265,
        0.528056675918812,
        0.5354615376980009,
        0.5425767380680769,
        0.5502339472009403,
        0.5581952401345599,
        0.5654761150996385,
        0.5735697118509953,
        0.5813432598862124,
        0.589500048252621,
        0.5972545467452105,
        0.6057567846570199,
        0.6133936866889398,
        0.6213922779260949,
        0.6290939456776327
    ]
}