Epoch,Loss
1,0.024009647715381895
2,0.023235903198845925
3,0.023210921988087063
4,0.023198088705127358
5,0.023188082514500195
6,0.023179110713671625
7,0.02317104406496339
8,0.023163831497364413
9,0.02315756186310734
10,0.023152116374913198
11,0.023147313287323813
12,0.023142984863699246
13,0.023139251334530205
14,0.023135814954282213
15,0.02313276666494564
16,0.023129946366339065
17,0.02312743508223791
18,0.023125218129251314
19,0.02312323923436303
20,0.023121486000448662
21,0.023119895984117483
22,0.0231184609513311
23,0.02311716149507953
24,0.023115932211455116
25,0.02311480731424041
26,0.023113731835430487
27,0.02311273390702344
28,0.02311178385909867
29,0.023110885581562816
30,0.02311003820526738
31,0.023109240975425507
32,0.023108487619220467
33,0.023107771814225124
34,0.023107093937349686
35,0.02310645286430644
36,0.023105853151843152
37,0.023105283525190277
38,0.0231047589138578
39,0.0231042491199287
40,0.023103778082999814
41,0.02310333675174967
42,0.023102915097467425
43,0.02310251997347595
44,0.023102144660787038
45,0.0231017911628234
46,0.023101455782321405
47,0.023101139523086355
48,0.023100839381755965
49,0.023100555713334553
50,0.02310028667225068
51,0.02310003162677706
52,0.023099789767362117
53,0.023099560209716513
54,0.023099342167483137
55,0.023099134515407835
56,0.02309893587954015
57,0.023098744545099706
58,0.02309855761922012
59,0.0230983710409355
60,0.023098179242283426
61,0.02309797528167315
62,0.023097750191863168
63,0.023097493386186663
64,0.02309719447867345
65,0.023096844012420903
66,0.023096436564432055
67,0.023095971186632765
68,0.023095452035666132
69,0.02309488773923232
70,0.0230942901374662
71,0.02309367208944879
72,0.023093045903392336
73,0.02309242178357697
74,0.02309180779394828
75,0.023091208726420242
76,0.023090627664247215
77,0.023090065938534313
78,0.023089523624663575
79,0.02308900046201931
80,0.02308849587041752
81,0.02308800829260696
82,0.023087535196524185
83,0.023087074337459504
84,0.02308662344203229
85,0.023086179974957637
86,0.023085742257535458
87,0.023085309001183846
88,0.023084879052622
89,0.023084452100657377
90,0.02308402752387136
91,0.023083605078721967
92,0.023083184558391798
93,0.023082765568252648
94,0.023082348306101834
95,0.023081932597658658
96,0.023081518781820163
97,0.02308110660312498
98,0.023080696370188482
99,0.02308028779275759
100,0.023079880917221258
