Epoch,Loss
1,0.024801898629987516
2,0.024108444270151866
3,0.024090934215900466
4,0.024082303237426977
5,0.024075136363176125
6,0.02406824334500146
7,0.024061588228837468
8,0.024055251773483236
9,0.02404948409318171
10,0.02404431856463794
11,0.02403955333180565
12,0.02403521203913751
13,0.024031260358694465
14,0.024027663793250057
15,0.02402438169061018
16,0.02402139743706999
17,0.024018721910877
18,0.024016351633094395
19,0.024014244261878523
20,0.02401236426944569
21,0.02401067672583857
22,0.024009144286255314
23,0.02400774346069785
24,0.024006454927830184
25,0.024005258386384086
26,0.02400413688827178
27,0.02400307967810004
28,0.02400208068022447
29,0.024001135052702783
30,0.024000239368512973
31,0.023999390939693478
32,0.02399858636018168
33,0.023997822101705573
34,0.02399709382792794
35,0.0239963979125513
36,0.023995730343625357
37,0.023995087465831937
38,0.023994465342352094
39,0.02399386065321795
40,0.023993269739886813
41,0.02399268959130001
42,0.023992116907804156
43,0.023991548539041223
44,0.02399098131337135
45,0.02399041191534099
46,0.02398983671349343
47,0.02398925163622471
48,0.023988652143407816
49,0.023988032494426176
50,0.023987386100936387
51,0.023986704801350747
52,0.023985980013603875
53,0.02398520286413361
54,0.023984365910420653
55,0.023983464774209
56,0.023982500204232662
57,0.023981479138695687
58,0.023980413218122595
59,0.023979317293049588
60,0.023978206487452323
61,0.02397709435077237
62,0.02397599189539735
63,0.023974907740474644
64,0.02397384854851167
65,0.02397282002207563
66,0.023971825736194094
67,0.023970869220106425
68,0.02396995227599798
69,0.023969075364975417
70,0.02396823795724976
71,0.023967438054262255
72,0.02396667301254975
73,0.023965939713032083
74,0.023965234753838518
75,0.02396455424716284
76,0.023963895614677246
77,0.023963255339073102
78,0.02396263100711812
79,0.02396201997438179
80,0.023961420142990082
81,0.02396082914872344
82,0.02396024453256137
83,0.023959664617429963
84,0.02395908779139066
85,0.02395851254859167
86,0.02395793809870265
87,0.02395736355272287
88,0.023956788241241565
89,0.023956211759258758
90,0.023955634106129556
91,0.023955055140619887
92,0.02395447475019393
93,0.02395389365843444
94,0.023953311948534072
95,0.02395273022928259
96,0.02395214940612578
97,0.023951569979831912
98,0.023950993167980505
99,0.023950419590647143
100,0.023949850528289525
