{
    "aoi_values": [
        0,
        1,
        2,
        3,
        4,
        5,
        6,
        7,
        8,
        9,
        10,
        11,
        12,
        13,
        14,
        15,
        16,
        17,
        18,
        19,
        20,
        21,
        22,
        23,
        24,
        25,
        26,
        27,
        28,
        29,
        30,
        31,
        32,
        33,
        34,
        35,
        36,
        37,
        38,
        39,
        40
    ],
    "errors": [
        0.0,
        0.11634652584039411,
        0.2055193679919652,
        0.28709958178294664,
        0.3591661390628868,
        0.4242443960453851,
        0.48284648562558113,
        0.5358325607884644,
        0.58378946956998,
        0.6275269983032362,
        0.667529101792995,
        0.7040996954264714,
        0.7376580695700221,
        0.7686620827195588,
        0.797283410514202,
        0.8231340667951011,
        0.844802817290317,
        0.8622531841319517,
        0.8763734400768032,
        0.8888918061112631,
        0.9004053319568219,
        0.911029560572133,
        0.9208176634163661,
        0.9295727182340435,
        0.9375537049968878,
        0.9448263747460471,
        0.951560570194874,
        0.9577686073777407,
        0.9635681586853437,
        0.9689666795431838,
        0.9739401631466493,
        0.9783491358747722,
        0.9821564480705754,
        0.985372323665414,
        0.9878939018173202,
        0.989927943436424,
        0.9916405369838072,
        0.9930874002015964,
        0.9942899731229523,
        0.9953458848055147,
        0.9962554713886855
    ]
}