{
    "aoi_values": [
        0,
        1,
        2,
        3,
        4,
        5,
        6,
        7,
        8,
        9,
        10,
        11,
        12,
        13,
        14,
        15,
        16,
        17,
        18,
        19,
        20,
        21,
        22,
        23,
        24,
        25,
        26,
        27,
        28,
        29,
        30,
        31,
        32,
        33,
        34,
        35,
        36,
        37,
        38,
        39,
        40
    ],
    "errors": [
        0.0,
        0.37453486772178823,
        0.583091326709128,
        0.7297117389803827,
        0.8328797915151297,
        0.8878805831191322,
        0.9186377847614242,
        0.9370442725343403,
        0.9501688965255873,
        0.9571770499320393,
        0.9617149390036118,
        0.9641875672497399,
        0.9654730507991657,
        0.9670365114708206,
        0.9671303931516573,
        0.9680197659545416,
        0.9681687065921671,
        0.9690361449901707,
        0.9693722095579841,
        0.9703422863133045,
        0.9693338968699584,
        0.969547560427541,
        0.9718782577116851,
        0.9731231422635301,
        0.9743532566073093,
        0.9744430244787116,
        0.9747453309124796,
        0.9737843475019945,
        0.9742622958291821,
        0.9754640771128396,
        0.9753633563161959,
        0.9752914448616542,
        0.9747612154632976,
        0.9766894846441587,
        0.9778254856253623,
        0.9794891176870127,
        0.9797534331779152,
        0.978852458182883,
        0.9802107117280713,
        0.9798674948735225,
        0.9803463425572834
    ]
}