{
    "aoi_values": [
        0,
        1,
        2,
        3,
        4,
        5,
        6,
        7,
        8,
        9,
        10,
        11,
        12,
        13,
        14,
        15,
        16,
        17,
        18,
        19,
        20,
        21,
        22,
        23,
        24,
        25,
        26,
        27,
        28,
        29,
        30,
        31,
        32,
        33,
        34,
        35,
        36,
        37,
        38,
        39,
        40
    ],
    "errors": [
        0.0,
        0.11667842445101326,
        0.20503941596803038,
        0.284779034281454,
        0.3561641655118586,
        0.4194189386064954,
        0.47598317091907677,
        0.5264770795467187,
        0.5717642350492687,
        0.6127705659905736,
        0.6499405134129931,
        0.6840698575523402,
        0.7146880603967947,
        0.7429209438541154,
        0.7685797483434686,
        0.7921350567849559,
        0.8137155337189358,
        0.8332687748191966,
        0.8496608421421831,
        0.8640554954831184,
        0.8763050321591533,
        0.8867528239560905,
        0.8959002953298991,
        0.9039721837035244,
        0.9114678181944339,
        0.9183972488745441,
        0.9247656876975758,
        0.9305218193841315,
        0.9357958766203984,
        0.9407444852974675,
        0.9453926941021664,
        0.9497843419435419,
        0.9537730993673742,
        0.9575039380981643,
        0.9609418729476962,
        0.9640193265913951,
        0.9669085240022447,
        0.9695403059768829,
        0.9720011244613433,
        0.9743035507514577,
        0.9765243390218113
    ]
}