Epoch,Loss
1,0.02489100161266785
2,0.024332930698749585
3,0.02431055421091738
4,0.024299571755185042
5,0.02429128033809255
6,0.024283865915806342
7,0.02427705555590507
8,0.024270770187481545
9,0.024265003269105315
10,0.024259890055163123
11,0.024255316865120644
12,0.02425110642953452
13,0.024247179808435826
14,0.02424349977568975
15,0.024240055496961396
16,0.024236816937400093
17,0.02423375014561759
18,0.024230853803523557
19,0.024228156384384775
20,0.02422567960685976
21,0.024223407501963223
22,0.024221374357781794
23,0.02421958360128584
24,0.024218007288766767
25,0.024216616038130162
26,0.02421538303960568
27,0.024214286776747335
28,0.02421330669031299
29,0.024212426611684885
30,0.024211633544434265
31,0.0242109169093301
32,0.024210265966532356
33,0.024209670595416424
34,0.02420912285841458
35,0.02420861732223397
36,0.02420814914377146
37,0.024207714050118102
38,0.02420730692597398
39,0.024206923916723064
40,0.02420656093876864
41,0.024206215098568625
42,0.024205883399700874
43,0.024205563607184715
44,0.024205253862728857
45,0.02420495223257513
46,0.024204657691147987
47,0.024204369052262878
48,0.024204085460951003
49,0.024203806574708837
50,0.02420353198459619
51,0.024203261313923675
52,0.024202994549468466
53,0.02420273162092381
54,0.0242024725721508
55,0.024202217747265515
56,0.024201967370733535
57,0.02420172155672271
58,0.02420148078577001
59,0.024201245071420772
60,0.024201014134705545
61,0.02420078726642917
62,0.02420056392768071
63,0.024200343684364363
64,0.024200125966930934
65,0.024199910852137338
66,0.024199697963294194
67,0.024199487114636868
68,0.0241992788373361
69,0.024199072927889313
70,0.024198869600119337
71,0.024198669296829702
72,0.024198472251193717
73,0.02419827857383164
74,0.0241980883424679
75,0.02419790192153658
76,0.024197718967566624
77,0.024197539216423952
78,0.02419736184345552
79,0.024197186408760372
80,0.024197012787850407
81,0.024196840366670327
82,0.024196669105229135
83,0.024196498895164134
84,0.024196329101457005
85,0.02419615993406048
86,0.024195991249135972
87,0.02419582261710278
88,0.024195654026350617
89,0.024195485170819358
90,0.024195315950854022
91,0.02419514588559513
92,0.02419497496343239
93,0.024194802961512753
94,0.024194629361888317
95,0.0241944539926623
96,0.024194276420383905
97,0.024194096294809404
98,0.02419391329988093
99,0.024193726773489483
100,0.024193536350233462
