Frame,IoU_Loss
0,0.46742687275654016
1,0.649458577575005
2,0.5466490847938099
3,0.6887550316771872
4,0.557858406975582
5,0.5796340553119688
6,0.5425034676488758
7,0.6434675134978504
8,0.6943738656987296
9,0.47297192492632234
10,0.5756376509031497
